date,pokemon
2022-01-11,Garchomp
2022-01-12,Cyndaquil
2022-01-13,Rapidash
2022-01-14,Zygarde Complete Forme
2022-01-15,Marshtomp
2022-01-16,Minun
2022-01-17,Lycanroc Midnight Form
2022-01-18,Kricketune
2022-01-19,Cinccino
2022-01-20,Drizzile
2022-01-21,Golisopod
2022-01-22,Glalie
2022-01-23,Panpour
2022-01-24,Beartic
2022-01-25,Corsola
2022-01-26,Litten
2022-01-27,Carnivine
2022-01-28,Duosion
2022-01-29,Gardevoir
2022-01-30,Aron
2022-01-31,Sandslash
2022-02-01,Abomasnow
2022-02-02,Hatenna
2022-02-03,Pidgeotto
2022-02-04,Beedrill
2022-02-05,Bulbasaur
2022-02-06,Clefable
2022-02-07,Vikavolt
2022-02-08,Audino
2022-02-09,Phanpy
2022-02-10,Regieleki
2022-02-11,Tyrunt
2022-02-12,Palossand
2022-02-13,Charjabug
2022-02-14,Sigilyph
2022-02-15,Tapu Koko
2022-02-16,Shellder
2022-02-17,Poipole
2022-02-18,Garchomp
2022-02-19,Cascoon
2022-02-20,Torkoal
2022-02-21,Jangmo-o
2022-02-22,Metapod
2022-02-23,Delibird
2022-02-24,Sudowoodo
2022-02-25,Beautifly
2022-02-26,Sliggoo
2022-02-27,Yveltal
2022-02-28,Scyther
2022-03-01,Natu
2022-03-02,Drowzee
2022-03-03,Porygon2
2022-03-04,Magikarp
2022-03-05,Lickitung
2022-03-06,Kommo-o
2022-03-07,Meloetta Aria Forme
2022-03-08,Tepig
2022-03-09,Rookidee
2022-03-10,Scrafty
2022-03-11,Mesprit
2022-03-12,Blipbug
2022-03-13,Genesect
2022-03-14,Dreepy
2022-03-15,Eldegoss
2022-03-16,Boltund
2022-03-17,Abra
2022-03-18,Torkoal
2022-03-19,Noctowl
2022-03-20,Coalossal
2022-03-21,Tropius
2022-03-22,Forretress
2022-03-23,Krokorok
2022-03-24,Armaldo
2022-03-25,Dracozolt
2022-03-26,Qwilfish
2022-03-27,Dwebble
2022-03-28,Hypno
2022-03-29,Calyrex
2022-03-30,Porygon-Z
2022-03-31,Gastrodon
2022-04-01,Honchkrow
2022-04-02,Kabutops
2022-04-03,Murkrow
2022-04-04,Dwebble
2022-04-05,Zacian Hero of Many Battles
2022-04-06,Tapu Fini
2022-04-07,Drilbur
2022-04-08,Lunala
2022-04-09,Omanyte
2022-04-10,Kabuto
2022-04-11,Lucario
2022-04-12,Skorupi
2022-04-13,Panpour
2022-04-14,Pangoro
2022-04-15,Gothitelle
2022-04-16,Tapu Lele
2022-04-17,Buzzwole
2022-04-18,Stonjourner
2022-04-19,Chikorita
2022-04-20,Morgrem
2022-04-21,Hitmonchan
2022-04-22,Armaldo
2022-04-23,Togedemaru
2022-04-24,Toxel
2022-04-25,Glastrier
2022-04-26,Probopass
2022-04-27,Flabébé
2022-04-28,Seaking
2022-04-29,Tauros
2022-04-30,Vanillite
2022-05-01,Quagsire
2022-05-02,Hakamo-o
2022-05-03,Starmie
2022-05-04,Dialga
2022-05-05,Rufflet
2022-05-06,Eelektross
2022-05-07,Jellicent
2022-05-08,Metang
2022-05-09,Golduck
2022-05-10,Tangrowth
2022-05-11,Vanillite
2022-05-12,Luxio
2022-05-13,Politoed
2022-05-14,Mothim
2022-05-15,Ponyta
2022-05-16,Grumpig
2022-05-17,Girafarig
2022-05-18,Silvally
2022-05-19,Duskull
2022-05-20,Honedge
2022-05-21,Crobat
2022-05-22,Machoke
2022-05-23,Hoopa Unbound
2022-05-24,Bulbasaur
2022-05-25,Floatzel
2022-05-26,Meditite
2022-05-27,Basculin
2022-05-28,Flygon
2022-05-29,Pelipper
2022-05-30,Shuckle
2022-05-31,Corvisquire
2022-06-01,Cutiefly
2022-06-02,Shuppet
2022-06-03,Zweilous
2022-06-04,Krokorok
2022-06-05,Inkay
2022-06-06,Gastrodon
2022-06-07,Cherrim
2022-06-08,Chespin
2022-06-09,Regigigas
2022-06-10,Tauros
2022-06-11,Amaura
2022-06-12,Rotom
2022-06-13,Indeedee
2022-06-14,Lycanroc Dusk Form
2022-06-15,Karrablast
2022-06-16,Foongus
2022-06-17,Golbat
2022-06-18,Deoxys
2022-06-19,Galvantula
2022-06-20,Cursola
2022-06-21,Volcarona
2022-06-22,Paras
2022-06-23,Croagunk
2022-06-24,Talonflame
2022-06-25,Sewaddle
2022-06-26,Barraskewda
2022-06-27,Floette
2022-06-28,Spiritomb
2022-06-29,Melmetal
2022-06-30,Scizor
2022-07-01,Rhyhorn
2022-07-02,Stunfisk
2022-07-03,Spoink
2022-07-04,Ninjask
2022-07-05,Drowzee
2022-07-06,Sneasel
2022-07-07,Buizel
2022-07-08,Passimian
2022-07-09,Unfezant
2022-07-10,Flareon
2022-07-11,Shieldon
2022-07-12,Nidorino
2022-07-13,Golurk
2022-07-14,Heliolisk
2022-07-15,Ariados
2022-07-16,Centiskorch
2022-07-17,Wurmple
2022-07-18,Kirlia
2022-07-19,Venipede
2022-07-20,Shellder
2022-07-21,Whimsicott
2022-07-22,Clobbopus
2022-07-23,Castform Snowy Form
2022-07-24,Cutiefly
2022-07-25,Bergmite
2022-07-26,Gulpin
2022-07-27,Treecko
2022-07-28,Cottonee
2022-07-29,Medicham
2022-07-30,Swellow
2022-07-31,Kadabra
2022-08-01,Sentret
2022-08-02,Chinchou
2022-08-03,Golduck
2022-08-04,Araquanid
2022-08-05,Cobalion
2022-08-06,Kommo-o
2022-08-07,Blacephalon
2022-08-08,Altaria
2022-08-09,Gengar
2022-08-10,Floette
2022-08-11,Jigglypuff
2022-08-12,Mew
2022-08-13,Goldeen
2022-08-14,Fan Rotom
2022-08-15,Duosion
2022-08-16,Castform Rainy Form
2022-08-17,Snorlax
2022-08-18,Shelgon
2022-08-19,Beartic
2022-08-20,Drapion
2022-08-21,Tapu Lele
2022-08-22,Clawitzer
2022-08-23,Brionne
2022-08-24,Meloetta Aria Forme
2022-08-25,Sinistea
2022-08-26,Castform
2022-08-27,Grubbin
2022-08-28,Passimian
2022-08-29,Quilava
2022-08-30,Seadra
2022-08-31,Seismitoad
2022-09-01,Whirlipede
2022-09-02,Cloyster
2022-09-03,Cofagrigus
2022-09-04,Lombre
2022-09-05,Meditite
2022-09-06,Cobalion
2022-09-07,Throh
2022-09-08,Wigglytuff
2022-09-09,Slaking
2022-09-10,Swadloon
2022-09-11,Greninja
2022-09-12,Doduo
2022-09-13,Tirtouga
2022-09-14,Skorupi
2022-09-15,Heatmor
2022-09-16,Weezing
2022-09-17,Snivy
2022-09-18,Frost Rotom
2022-09-19,Bronzor
2022-09-20,Cloyster
2022-09-21,Snorlax
2022-09-22,Carracosta
2022-09-23,Scrafty
2022-09-24,Cubone
2022-09-25,Gengar
2022-09-26,Gigalith
2022-09-27,Hippopotas
2022-09-28,Trevenant
2022-09-29,Dragalge
2022-09-30,Victreebel
2022-10-01,Conkeldurr
2022-10-02,Hoopa Unbound
2022-10-03,Pangoro
2022-10-04,Landorus Incarnate Forme
2022-10-05,Flaaffy
2022-10-06,Carvanha
2022-10-07,Palossand
2022-10-08,Omastar
2022-10-09,Shaymin Sky Forme
2022-10-10,Magmar
2022-10-11,Exeggutor
2022-10-12,Cherubi
2022-10-13,Gurdurr
2022-10-14,Buneary
2022-10-15,Silicobra
2022-10-16,Glameow
2022-10-17,Cascoon
2022-10-18,Gible
2022-10-19,Snivy
2022-10-20,Scraggy
2022-10-21,Chansey
2022-10-22,Burmy
2022-10-23,Electrike
2022-10-24,Blissey
2022-10-25,Venusaur
2022-10-26,Shuckle
2022-10-27,Sigilyph
2022-10-28,Aron
2022-10-29,Scatterbug
2022-10-30,Rockruff
2022-10-31,Rapidash
2022-11-01,Makuhita
2022-11-02,Scatterbug
2022-11-03,Scolipede
2022-11-04,Electabuzz
2022-11-05,Diggersby
2022-11-06,Sneasel
2022-11-07,Karrablast
2022-11-08,Weepinbell
2022-11-09,Munna
2022-11-10,Hakamo-o
2022-11-11,Scorbunny
2022-11-12,Scatterbug
2022-11-13,Herdier
2022-11-14,Cacturne
2022-11-15,Eternatus
2022-11-16,Flaaffy
2022-11-17,Tangela
2022-11-18,Goldeen
2022-11-19,Kadabra
2022-11-20,Binacle
2022-11-21,Drifblim
2022-11-22,Masquerain
2022-11-23,Darmanitan Standard Mode
2022-11-24,Ribombee
2022-11-25,Kartana
2022-11-26,Litleo
2022-11-27,Moltres
2022-11-28,Manaphy
2022-11-29,Pichu
2022-11-30,Kyogre
2022-12-01,Minun
2022-12-02,Stonjourner
2022-12-03,Pidgeotto
2022-12-04,Pignite
2022-12-05,Persian
2022-12-06,Gardevoir
2022-12-07,Golem
2022-12-08,Dratini
2022-12-09,Comfey
2022-12-10,Meloetta Aria Forme
2022-12-11,Shuckle
2022-12-12,Panpour
2022-12-13,Munchlax
2022-12-14,Cosmog
2022-12-15,Heatran
2022-12-16,Oranguru
2022-12-17,Sableye
2022-12-18,Thundurus Incarnate Forme
2022-12-19,Chespin
2022-12-20,Dialga
2022-12-21,Barraskewda
2022-12-22,Chansey
2022-12-23,Tentacool
2022-12-24,Mime Jr.
2022-12-25,Aron
2022-12-26,Mareep
2022-12-27,Elgyem
2022-12-28,Lapras
2022-12-29,Regidrago
2022-12-30,Swinub
2022-12-31,Krokorok
2023-01-01,Numel
2023-01-02,Obstagoon
2023-01-03,Cutiefly
2023-01-04,Minun
2023-01-05,Dratini
2023-01-06,Rillaboom
2023-01-07,Armaldo
2023-01-08,Dewpider
2023-01-09,Grumpig
2023-01-10,Mow Rotom
2023-01-11,Nidoqueen
2023-01-12,Gallade
2023-01-13,Pidgeotto
2023-01-14,Bronzong
2023-01-15,Slowbro
2023-01-16,Chandelure
2023-01-17,Mienfoo
2023-01-18,Aromatisse
2023-01-19,Doduo
2023-01-20,Phanpy
2023-01-21,Pachirisu
2023-01-22,Cresselia
2023-01-23,Swalot
2023-01-24,Quilava
2023-01-25,Tangela
2023-01-26,Aipom
2023-01-27,Lapras
2023-01-28,Calyrex Ice Rider
2023-01-29,Kyurem
2023-01-30,Haxorus
2023-01-31,Smeargle
2023-02-01,Scraggy
2023-02-02,Dubwool
2023-02-03,Medicham
2023-02-04,Lairon
2023-02-05,Slowbro
2023-02-06,Polteageist
2023-02-07,Wynaut
2023-02-08,Scorbunny
2023-02-09,Azumarill
2023-02-10,Porygon-Z
2023-02-11,Mudkip
2023-02-12,Whiscash
2023-02-13,Staryu
2023-02-14,Poipole
2023-02-15,Froakie
2023-02-16,Mawile
2023-02-17,Dedenne
2023-02-18,Feraligatr
2023-02-19,Infernape
2023-02-20,Nidorina
2023-02-21,Phanpy
2023-02-22,Petilil
2023-02-23,Arceus
2023-02-24,Jirachi
2023-02-25,Venipede
2023-02-26,Appletun
2023-02-27,Dewpider
2023-02-28,Onix
2023-03-01,Raichu
2023-03-02,Liepard
2023-03-03,Eelektrik
2023-03-04,Zygarde 10% Forme
2023-03-05,Vespiquen
2023-03-06,Illumise
2023-03-07,Floette
2023-03-08,Aipom
2023-03-09,Totodile
2023-03-10,Lunala
2023-03-11,Drakloak
2023-03-12,Cramorant
2023-03-13,Cursola
2023-03-14,Ferroseed
2023-03-15,Sewaddle
2023-03-16,Whiscash
2023-03-17,Gyarados
2023-03-18,Larvesta
2023-03-19,Stantler
2023-03-20,Meltan
2023-03-21,Darumaka
2023-03-22,Zamazenta Hero of Many Battles
2023-03-23,Floette
2023-03-24,Cubchoo
2023-03-25,Nihilego
2023-03-26,Cobalion
2023-03-27,Mr. Mime
2023-03-28,Avalugg
2023-03-29,Bulbasaur
2023-03-30,Vibrava
2023-03-31,Grotle
2023-04-01,Drowzee
2023-04-02,Torchic
2023-04-03,Cursola
2023-04-04,Pachirisu
2023-04-05,Zebstrika
2023-04-06,Shinx
2023-04-07,Gothita
2023-04-08,Rapidash
2023-04-09,Swalot
2023-04-10,Swellow
2023-04-11,Minun
2023-04-12,Bounsweet
2023-04-13,Arcanine
2023-04-14,Barraskewda
2023-04-15,Swablu
2023-04-16,Lugia
2023-04-17,Lapras
2023-04-18,Samurott
2023-04-19,Politoed
2023-04-20,Slaking
2023-04-21,Cubone
2023-04-22,Seadra
2023-04-23,Calyrex
2023-04-24,Regirock
2023-04-25,Torracat
2023-04-26,Misdreavus
2023-04-27,Rayquaza
2023-04-28,Skarmory
2023-04-29,Gossifleur
2023-04-30,Weezing
2023-05-01,Hatenna
2023-05-02,Xurkitree
2023-05-03,Jolteon
2023-05-04,Rookidee
2023-05-05,Pikachu
2023-05-06,Mudbray
2023-05-07,Happiny
2023-05-08,Gloom
2023-05-09,Nickit
2023-05-10,Tauros
2023-05-11,Nidoking
2023-05-12,Zangoose
2023-05-13,Mareep
2023-05-14,Cloyster
2023-05-15,Flaaffy
2023-05-16,Deerling
2023-05-17,Azumarill
2023-05-18,Kakuna
2023-05-19,Politoed
2023-05-20,Duraludon
2023-05-21,Cacturne
2023-05-22,Swellow
2023-05-23,Politoed
2023-05-24,Gothita
2023-05-25,Tympole
2023-05-26,Phione
2023-05-27,Ultra Necrozma
2023-05-28,Gothita
2023-05-29,Dracovish
2023-05-30,Chingling
2023-05-31,Mimikyu
2023-06-01,Tornadus Incarnate Forme
2023-06-02,Oricorio Pom-Pom Style
2023-06-03,Vanillish
2023-06-04,Nickit
2023-06-05,Pansage
2023-06-06,Tauros
2023-06-07,Pangoro
2023-06-08,Anorith
2023-06-09,Baltoy
2023-06-10,Rhydon
2023-06-11,Purrloin
2023-06-12,Relicanth
2023-06-13,Guzzlord
2023-06-14,Metang
2023-06-15,Luvdisc
2023-06-16,Farfetchd
2023-06-17,Scraggy
2023-06-18,Palpitoad
2023-06-19,Buizel
2023-06-20,Vespiquen
2023-06-21,Serperior
2023-06-22,Togedemaru
2023-06-23,Joltik
2023-06-24,Graveler
2023-06-25,Omanyte
2023-06-26,Chesnaught
2023-06-27,Rotom
2023-06-28,Entei
2023-06-29,Heat Rotom
2023-06-30,Audino
2023-07-01,Gigalith
2023-07-02,Nidoran♂
2023-07-03,Entei
2023-07-04,Dodrio
2023-07-05,Cherrim
2023-07-06,Sandaconda
2023-07-07,Gyarados
2023-07-08,Snorlax
2023-07-09,Cramorant
2023-07-10,Kartana
2023-07-11,Gastrodon
2023-07-12,Umbreon
2023-07-13,Yanmega
2023-07-14,Jumpluff
2023-07-15,Pumpkaboo
2023-07-16,Castform
2023-07-17,Grimer
2023-07-18,Altaria
2023-07-19,Frost Rotom
2023-07-20,Jigglypuff
2023-07-21,Castform Rainy Form
2023-07-22,Unown
2023-07-23,Pidgeotto
2023-07-24,Ducklett
2023-07-25,Sobble
2023-07-26,Sewaddle
2023-07-27,Purrloin
2023-07-28,Gyarados
2023-07-29,Jynx
2023-07-30,Helioptile
2023-07-31,Burmy
2023-08-01,Eelektrik
2023-08-02,Krokorok
2023-08-03,Litleo
2023-08-04,Cascoon
2023-08-05,Zygarde 50% Forme
2023-08-06,Magearna
2023-08-07,Zarude
2023-08-08,Wingull
2023-08-09,Leavanny
2023-08-10,Shinx
2023-08-11,Oricorio Baile Style
2023-08-12,Shelgon
2023-08-13,Tangrowth
2023-08-14,Pyroar
2023-08-15,Happiny
2023-08-16,Tynamo
2023-08-17,Pidgeotto
2023-08-18,Victini
2023-08-19,Eiscue
2023-08-20,Feraligatr
2023-08-21,Krookodile
2023-08-22,Grumpig
2023-08-23,Tranquill
2023-08-24,Nickit
2023-08-25,Flaaffy
2023-08-26,Zygarde Complete Forme
2023-08-27,Azurill
2023-08-28,Type: Null
2023-08-29,Luxio
2023-08-30,Thundurus Therian Forme
2023-08-31,Centiskorch
2023-09-01,Magby
2023-09-02,Charmeleon
2023-09-03,Frillish
2023-09-04,Kingdra
2023-09-05,Rampardos
2023-09-06,Metagross
2023-09-07,Umbreon
2023-09-08,Alomomola
2023-09-09,Girafarig
2023-09-10,Lunatone
2023-09-11,Volcarona
2023-09-12,Sunkern
2023-09-13,Petilil
2023-09-14,Regidrago
2023-09-15,Machop
2023-09-16,Wooper
2023-09-17,Primeape
2023-09-18,Darmanitan Standard Mode
2023-09-19,Lairon
2023-09-20,Venomoth
2023-09-21,Furfrou
2023-09-22,Accelgor
2023-09-23,Flareon
2023-09-24,Golett
2023-09-25,Slowbro
2023-09-26,Koffing
2023-09-27,Eternatus
2023-09-28,Marshadow
2023-09-29,Archeops
2023-09-30,Shiinotic
2023-10-01,Starmie
2023-10-02,Melmetal
2023-10-03,Nidoqueen
2023-10-04,Sewaddle
2023-10-05,Ferroseed
2023-10-06,Blaziken
2023-10-07,Mudsdale
2023-10-08,Hatenna
2023-10-09,Remoraid
2023-10-10,Swanna
2023-10-11,Dottler
2023-10-12,Ledyba
2023-10-13,Heatmor
2023-10-14,Voltorb
2023-10-15,Barbaracle
2023-10-16,Ferroseed
2023-10-17,Vanilluxe
2023-10-18,Bibarel
2023-10-19,Mesprit
2023-10-20,Hakamo-o
2023-10-21,Raticate
2023-10-22,Cobalion
2023-10-23,Luvdisc
2023-10-24,Tangrowth
2023-10-25,Alcremie
2023-10-26,Glalie
2023-10-27,Dugtrio
2023-10-28,Vibrava
2023-10-29,Clefable
2023-10-30,Yamper
2023-10-31,Togedemaru
2023-11-01,Appletun
2023-11-02,Giratina Origin Forme
2023-11-03,Sirfetchd
2023-11-04,Kakuna
2023-11-05,Ducklett
2023-11-06,Staravia
2023-11-07,Salamence
2023-11-08,Herdier
2023-11-09,Bagon
2023-11-10,Drifblim
2023-11-11,Staravia
2023-11-12,Fomantis
2023-11-13,Black Kyurem
2023-11-14,Meowth
2023-11-15,Cleffa
2023-11-16,Dedenne
2023-11-17,Diglett
2023-11-18,Girafarig
2023-11-19,Ralts
2023-11-20,Lucario
2023-11-21,Slurpuff
2023-11-22,Yanma
2023-11-23,Teddiursa
2023-11-24,Phione
2023-11-25,Rampardos
2023-11-26,Cottonee
2023-11-27,Sunflora
2023-11-28,Quilava
2023-11-29,Scorbunny
2023-11-30,Carkol
2023-12-01,Rayquaza
2023-12-02,Magmortar
2023-12-03,Ultra Necrozma
2023-12-04,Coalossal
2023-12-05,Mow Rotom
2023-12-06,Bergmite
2023-12-07,Zamazenta Crowned Shield
2023-12-08,Marill
2023-12-09,Applin
2023-12-10,Wimpod
2023-12-11,Houndoom
2023-12-12,Vigoroth
2023-12-13,Darmanitan Standard Mode
2023-12-14,Illumise
2023-12-15,Solgaleo
2023-12-16,Bellsprout
2023-12-17,Lumineon
2023-12-18,Xatu
2023-12-19,Feraligatr
2023-12-20,Type: Null
2023-12-21,Arcanine
2023-12-22,Purugly
2023-12-23,Vulpix
2023-12-24,Durant
2023-12-25,Numel
2023-12-26,Dusclops
2023-12-27,Empoleon
2023-12-28,Shedinja
2023-12-29,Flabébé
2023-12-30,Arceus
2023-12-31,Nosepass
2024-01-01,Skwovet
2024-01-02,Stunfisk
2024-01-03,Machamp
2024-01-04,Sentret
2024-01-05,Minccino
2024-01-06,Litten
2024-01-07,Eelektrik
2024-01-08,Quilladin
2024-01-09,Porygon-Z
2024-01-10,Zygarde 10% Forme
2024-01-11,Naganadel
2024-01-12,Metapod
2024-01-13,Breloom
2024-01-14,Nincada
2024-01-15,Azurill
2024-01-16,Mr. Mime
2024-01-17,Shiftry
2024-01-18,Granbull
2024-01-19,Appletun
2024-01-20,Blacephalon
2024-01-21,Landorus Incarnate Forme
2024-01-22,Zigzagoon
2024-01-23,Rapidash
2024-01-24,Sizzlipede
2024-01-25,Tynamo
2024-01-26,Xurkitree
2024-01-27,Hitmonlee
2024-01-28,Electivire
2024-01-29,Scorbunny
2024-01-30,Dunsparce
2024-01-31,Drampa
2024-02-01,Magmar
2024-02-02,Morgrem
2024-02-03,Azurill
2024-02-04,Wailord
2024-02-05,Empoleon
2024-02-06,Tynamo
2024-02-07,Lumineon
2024-02-08,Swanna
2024-02-09,Sealeo
2024-02-10,Escavalier
2024-02-11,Snover
2024-02-12,Sandygast
2024-02-13,Regieleki
2024-02-14,Lunatone
2024-02-15,Dedenne
2024-02-16,Floatzel
2024-02-17,Castform Snowy Form
2024-02-18,Exploud
2024-02-19,Volcanion
2024-02-20,Bisharp
2024-02-21,Tangrowth
2024-02-22,Eelektross
2024-02-23,Whismur
2024-02-24,Celesteela
2024-02-25,Dusk Mane Necrozma
2024-02-26,Larvesta
2024-02-27,Shuppet
2024-02-28,Dwebble
2024-02-29,Bewear
2024-03-01,Watchog
2024-03-02,Clefable
2024-03-03,Zacian Hero of Many Battles
2024-03-04,Lotad
2024-03-05,Spiritomb
2024-03-06,Bisharp
2024-03-07,Trevenant
2024-03-08,Ambipom
2024-03-09,Skiddo
2024-03-10,Applin
2024-03-11,Golem
2024-03-12,Silcoon
2024-03-13,Crobat
2024-03-14,Bulbasaur
2024-03-15,Latios
2024-03-16,Decidueye
2024-03-17,Avalugg
2024-03-18,Thundurus Incarnate Forme
2024-03-19,Cascoon
2024-03-20,Azelf
2024-03-21,Ferrothorn
2024-03-22,Ferroseed
2024-03-23,Zacian Crowned Sword
2024-03-24,Vanillite
2024-03-25,Decidueye
2024-03-26,Anorith
2024-03-27,Azumarill
2024-03-28,Croconaw
2024-03-29,Druddigon
2024-03-30,Drilbur
2024-03-31,Kirlia
2024-04-01,Spheal
2024-04-02,Latios
2024-04-03,Zebstrika
2024-04-04,Castform Sunny Form
2024-04-05,Oddish
2024-04-06,Machamp
2024-04-07,Gabite
2024-04-08,Rotom
2024-04-09,Hypno
2024-04-10,Staryu
2024-04-11,Mudkip
2024-04-12,Gurdurr
2024-04-13,Cresselia
2024-04-14,Volcarona
2024-04-15,Claydol
2024-04-16,Victini
2024-04-17,Axew
2024-04-18,Flabébé
2024-04-19,Munchlax
2024-04-20,Dewott
2024-04-21,Karrablast
2024-04-22,Morgrem
2024-04-23,Jynx
2024-04-24,Lucario
2024-04-25,Applin
2024-04-26,Milcery
2024-04-27,Type: Null
2024-04-28,Togepi
2024-04-29,Tynamo
2024-04-30,Houndour
2024-05-01,Goomy
2024-05-02,Carvanha
2024-05-03,Honchkrow
2024-05-04,Clawitzer
2024-05-05,Volbeat
2024-05-06,Numel
2024-05-07,Dusk Mane Necrozma
2024-05-08,Magby
2024-05-09,Musharna
2024-05-10,Porygon2
2024-05-11,Sawk
2024-05-12,Pumpkaboo
2024-05-13,Seaking
2024-05-14,Landorus Therian Forme
2024-05-15,Venomoth
2024-05-16,Baltoy
2024-05-17,Toxel
2024-05-18,Mandibuzz
2024-05-19,Abomasnow
2024-05-20,Froakie
2024-05-21,Dreepy
2024-05-22,Milotic
2024-05-23,Reuniclus
2024-05-24,Mudbray
2024-05-25,Crawdaunt
2024-05-26,Skiploom
2024-05-27,Skarmory
2024-05-28,Mareep
2024-05-29,Skwovet
2024-05-30,Garbodor
2024-05-31,Pidgeotto
2024-06-01,Calyrex
2024-06-02,Voltorb
2024-06-03,Marill
2024-06-04,Cascoon
2024-06-05,Frogadier
2024-06-06,Buizel
2024-06-07,Beartic
2024-06-08,Arceus
2024-06-09,Beedrill
2024-06-10,Rockruff
2024-06-11,Passimian
2024-06-12,Cofagrigus
2024-06-13,Cherrim
2024-06-14,Swoobat
2024-06-15,Zubat
2024-06-16,Girafarig
2024-06-17,Grumpig
2024-06-18,Altaria
2024-06-19,Popplio
2024-06-20,Bronzong
2024-06-21,Stantler
2024-06-22,Stufful
2024-06-23,Roggenrola
2024-06-24,Bisharp
2024-06-25,Aromatisse
2024-06-26,Golurk
2024-06-27,Tauros
2024-06-28,Decidueye
2024-06-29,Shiinotic
2024-06-30,Hoopa Unbound
2024-07-01,Cyndaquil
2024-07-02,Tapu Fini
2024-07-03,Gogoat
2024-07-04,Trubbish
2024-07-05,Drapion
2024-07-06,Greedent
2024-07-07,Sawsbuck
2024-07-08,Rockruff
2024-07-09,Flabébé
2024-07-10,Cranidos
2024-07-11,Gurdurr
2024-07-12,Oricorio Sensu Style
2024-07-13,Cleffa
2024-07-14,Oshawott
2024-07-15,Froakie
2024-07-16,Torchic
2024-07-17,Toxtricity
2024-07-18,Virizion
2024-07-19,Roggenrola
2024-07-20,Psyduck
2024-07-21,Clauncher
2024-07-22,Starmie
2024-07-23,Perrserker
2024-07-24,Jumpluff
2024-07-25,Kommo-o
2024-07-26,Kadabra
2024-07-27,Typhlosion
2024-07-28,Palkia
2024-07-29,Shuckle
2024-07-30,Patrat
2024-07-31,Musharna
2024-08-01,Rotom
2024-08-02,Anorith
2024-08-03,Shuppet
2024-08-04,Stantler
2024-08-05,Applin
2024-08-06,Omanyte
2024-08-07,Lunala
2024-08-08,Wishiwashi School Form
2024-08-09,Shellder
2024-08-10,Joltik
2024-08-11,Staraptor
2024-08-12,Flareon
2024-08-13,Watchog
2024-08-14,Loudred
2024-08-15,Fearow
2024-08-16,Dedenne
2024-08-17,Magikarp
2024-08-18,Sceptile
2024-08-19,Flapple
2024-08-20,Yamask
2024-08-21,Shinx
2024-08-22,Flapple
2024-08-23,Munna
2024-08-24,Aggron
2024-08-25,Drowzee
2024-08-26,Hattrem
2024-08-27,Black Kyurem
2024-08-28,Honchkrow
2024-08-29,Sylveon
2024-08-30,Shiinotic
2024-08-31,Klang
2024-09-01,Whiscash
2024-09-02,Cufant
2024-09-03,Slurpuff
2024-09-04,Sentret
2024-09-05,Corvisquire
2024-09-06,Wimpod
2024-09-07,Leafeon
2024-09-08,Pinsir
2024-09-09,Farfetchd
2024-09-10,Calyrex Ice Rider
2024-09-11,Clauncher
2024-09-12,Herdier
2024-09-13,Impidimp
2024-09-14,Groudon
2024-09-15,Dreepy
2024-09-16,Lillipup
2024-09-17,Spectrier
2024-09-18,Audino
2024-09-19,Haunter
2024-09-20,Charmeleon
2024-09-21,Dewpider
2024-09-22,Scyther
2024-09-23,Aipom
2024-09-24,Xerneas
2024-09-25,Fletchinder
2024-09-26,Altaria
2024-09-27,Vespiquen
2024-09-28,Buneary
2024-09-29,Lanturn
2024-09-30,Carvanha
2024-10-01,Gogoat
2024-10-02,Tornadus Therian Forme
2024-10-03,Glameow
2024-10-04,Spearow
2024-10-05,Trevenant
2024-10-06,Axew
2024-10-07,Sentret
2024-10-08,Sentret
2024-10-09,Scolipede
2024-10-10,Malamar
2024-10-11,Falinks
2024-10-12,Rattata
2024-10-13,Honchkrow
2024-10-14,Alcremie
2024-10-15,Deoxys
2024-10-16,Garchomp
2024-10-17,Drapion
2024-10-18,Sylveon
2024-10-19,Misdreavus
2024-10-20,Teddiursa
2024-10-21,Staraptor
2024-10-22,Sandslash
2024-10-23,Staraptor
2024-10-24,Thundurus Therian Forme
2024-10-25,Sandshrew
2024-10-26,Marill
2024-10-27,Wobbuffet
2024-10-28,Sewaddle
2024-10-29,Elekid
2024-10-30,Tsareena
2024-10-31,Snom
2024-11-01,Gigalith
2024-11-02,Zarude
2024-11-03,Regice
2024-11-04,Emolga
2024-11-05,Sandaconda
2024-11-06,Calyrex Shadow Rider
2024-11-07,Metapod
2024-11-08,Guzzlord
2024-11-09,Oranguru
2024-11-10,Plusle
2024-11-11,Geodude
2024-11-12,Pelipper
2024-11-13,Petilil
2024-11-14,Arctovish
2024-11-15,Lapras
2024-11-16,Spritzee
2024-11-17,Nidoran♂
2024-11-18,Volbeat
2024-11-19,Luxio
2024-11-20,Snivy
2024-11-21,Machop
2024-11-22,Mow Rotom
2024-11-23,Pelipper
2024-11-24,Venomoth
2024-11-25,Grotle
2024-11-26,Buizel
2024-11-27,Lumineon
2024-11-28,Blitzle
2024-11-29,Yanma
2024-11-30,Shellos
2024-12-01,Kartana
2024-12-02,Cosmoem
2024-12-03,Bruxish
2024-12-04,Venipede
2024-12-05,Sawsbuck
2024-12-06,Klinklang
2024-12-07,Igglybuff
2024-12-08,Ludicolo
2024-12-09,Ditto
2024-12-10,Skiploom
2024-12-11,Emboar
2024-12-12,Polteageist
2024-12-13,Masquerain
2024-12-14,Ultra Necrozma
2024-12-15,Toucannon
2024-12-16,Torracat
2024-12-17,Kakuna
2024-12-18,Tranquill
2024-12-19,Sawsbuck
2024-12-20,Armaldo
2024-12-21,Raichu
2024-12-22,Weedle
2024-12-23,Unown
2024-12-24,Tapu Bulu
2024-12-25,Darmanitan Standard Mode
2024-12-26,Sandshrew
2024-12-27,Indeedee
2024-12-28,Toxicroak
2024-12-29,Farfetchd
2024-12-30,Quilladin
2024-12-31,Ledian
2025-01-01,Araquanid
2025-01-02,Grubbin
2025-01-03,Skorupi
2025-01-04,Orbeetle
2025-01-05,Machoke
2025-01-06,Dedenne
2025-01-07,Palkia
2025-01-08,Spoink
2025-01-09,Whirlipede
2025-01-10,Armaldo
2025-01-11,Seel
2025-01-12,Zubat
2025-01-13,Cleffa
2025-01-14,Zubat
2025-01-15,Floette
2025-01-16,Happiny
2025-01-17,Lumineon
2025-01-18,Phantump
2025-01-19,Aron
2025-01-20,Braixen
2025-01-21,Darumaka
2025-01-22,Diancie
2025-01-23,Emolga
2025-01-24,Cyndaquil
2025-01-25,Magmortar
2025-01-26,Zekrom
2025-01-27,Regigigas
2025-01-28,Pumpkaboo
2025-01-29,Seadra
2025-01-30,Delcatty
2025-01-31,Thundurus Incarnate Forme
2025-02-01,Kadabra
2025-02-02,Lumineon
2025-02-03,Feraligatr
2025-02-04,Decidueye
2025-02-05,Jolteon
2025-02-06,Ninjask
2025-02-07,Meltan
2025-02-08,Ho-Oh
2025-02-09,Carracosta
2025-02-10,Groudon
2025-02-11,Heat Rotom
2025-02-12,Melmetal
2025-02-13,Sobble
2025-02-14,Nuzleaf
2025-02-15,Corviknight
2025-02-16,Purrloin
2025-02-17,Dragonair
2025-02-18,Rhydon
2025-02-19,Frogadier
2025-02-20,Steenee
2025-02-21,Skitty
2025-02-22,Meganium
2025-02-23,Calyrex Ice Rider
2025-02-24,Meltan
2025-02-25,Florges
2025-02-26,Shedinja
2025-02-27,Stantler
2025-02-28,Heatmor
2025-03-01,Bidoof
2025-03-02,Samurott
2025-03-03,Exploud
2025-03-04,Minun
2025-03-05,Rockruff
2025-03-06,Castform Sunny Form
2025-03-07,Tapu Fini
2025-03-08,Dubwool
2025-03-09,Raboot
2025-03-10,Igglybuff
2025-03-11,Deerling
2025-03-12,Corphish
2025-03-13,Solosis
2025-03-14,Spiritomb
2025-03-15,Tapu Koko
2025-03-16,Exploud
2025-03-17,Palpitoad
2025-03-18,Type: Null
2025-03-19,Whimsicott
2025-03-20,Carnivine
2025-03-21,Sewaddle
2025-03-22,Mr. Mime
2025-03-23,Granbull
2025-03-24,Tyrunt
2025-03-25,Flaaffy
2025-03-26,Lucario
2025-03-27,Oricorio Pom-Pom Style
2025-03-28,Oshawott
2025-03-29,Wobbuffet
2025-03-30,Pidgey
2025-03-31,Zamazenta Crowned Shield
2025-04-01,Watchog
2025-04-02,Mow Rotom
2025-04-03,Golbat
2025-04-04,Rhyhorn
2025-04-05,Metagross
2025-04-06,Dusknoir
2025-04-07,Onix
2025-04-08,Omastar
2025-04-09,Rolycoly
2025-04-10,Cleffa
2025-04-11,Raikou
2025-04-12,Meloetta Aria Forme
2025-04-13,Sunflora
2025-04-14,Gothorita
2025-04-15,Reuniclus
2025-04-16,Seedot
2025-04-17,Milcery
2025-04-18,Minior Meteor Form
2025-04-19,Cranidos
2025-04-20,Sawk
2025-04-21,Grubbin
2025-04-22,Golem
2025-04-23,Runerigus
2025-04-24,Kadabra
2025-04-25,Thundurus Incarnate Forme
2025-04-26,Calyrex Shadow Rider
2025-04-27,Torkoal
2025-04-28,Mantine
2025-04-29,Terrakion
2025-04-30,Frost Rotom
2025-05-01,Tepig
2025-05-02,Pumpkaboo
2025-05-03,Decidueye
2025-05-04,Rayquaza
2025-05-05,Luvdisc
2025-05-06,Blaziken
2025-05-07,Barbaracle
2025-05-08,Beldum
2025-05-09,Graveler
2025-05-10,Hydreigon
2025-05-11,Sliggoo
2025-05-12,Bellossom
2025-05-13,Horsea
2025-05-14,Grubbin
2025-05-15,Kyurem
2025-05-16,Noctowl
2025-05-17,Sandile
2025-05-18,Cosmog
2025-05-19,Lumineon
2025-05-20,Gourgeist
2025-05-21,Phanpy
2025-05-22,Munchlax
2025-05-23,Eevee
2025-05-24,Zoroark
2025-05-25,Vanillish
2025-05-26,Dubwool
2025-05-27,Victreebel
2025-05-28,Skrelp
2025-05-29,Ninetales
2025-05-30,Spheal
2025-05-31,Weepinbell
2025-06-01,Vikavolt
2025-06-02,Vibrava
2025-06-03,Vivillon
2025-06-04,Dragapult
2025-06-05,Rillaboom
2025-06-06,Starly
2025-06-07,Bronzong
2025-06-08,Wash Rotom
2025-06-09,Pangoro
2025-06-10,Kakuna
2025-06-11,Zarude
2025-06-12,Turtwig
2025-06-13,Electrode
2025-06-14,Cherrim
2025-06-15,Exeggcute
2025-06-16,Seismitoad
2025-06-17,Oricorio Sensu Style
2025-06-18,Tyrantrum
2025-06-19,Relicanth
2025-06-20,Lucario
2025-06-21,Wingull
2025-06-22,Toxel
2025-06-23,Skarmory
2025-06-24,Genesect
2025-06-25,Ludicolo
2025-06-26,Shellos
2025-06-27,Salazzle
2025-06-28,Hattrem
2025-06-29,Croconaw
2025-06-30,Zekrom
2025-07-01,Koffing
2025-07-02,Cryogonal
2025-07-03,Rhyperior
2025-07-04,Stunfisk
2025-07-05,Yanma
2025-07-06,Dottler
2025-07-07,Grapploct
2025-07-08,Porygon
2025-07-09,Kangaskhan
2025-07-10,Lilligant
2025-07-11,Marshtomp
2025-07-12,Whiscash
2025-07-13,Calyrex Ice Rider
2025-07-14,Solrock
2025-07-15,Croconaw
2025-07-16,Boltund
2025-07-17,Cradily
2025-07-18,Caterpie
2025-07-19,Baltoy
2025-07-20,Pidgeot
2025-07-21,Xerneas
2025-07-22,Fearow
2025-07-23,Castform Sunny Form
2025-07-24,Aurorus
2025-07-25,Scorbunny
2025-07-26,Dwebble
2025-07-27,Drakloak
2025-07-28,Yamper
2025-07-29,Tynamo
2025-07-30,Mothim
2025-07-31,Arceus
2025-08-01,Marshtomp
2025-08-02,Bibarel
2025-08-03,Deino
2025-08-04,Koffing
2025-08-05,Claydol
2025-08-06,Hoppip
2025-08-07,Diggersby
2025-08-08,Pinsir
2025-08-09,Beldum
2025-08-10,Uxie
2025-08-11,Cleffa
2025-08-12,Stakataka
2025-08-13,Mime Jr.
2025-08-14,Turtwig
2025-08-15,Gothita
2025-08-16,Meloetta Pirouette Forme
2025-08-17,Sneasel
2025-08-18,Castform Snowy Form
2025-08-19,Finneon
2025-08-20,Snorunt
2025-08-21,Zoroark
2025-08-22,Avalugg
2025-08-23,Sandygast
2025-08-24,Xerneas
2025-08-25,Archen
2025-08-26,Vullaby
2025-08-27,Zorua
2025-08-28,Sandygast
2025-08-29,Celebi
2025-08-30,Magneton
2025-08-31,Hariyama
2025-09-01,Heatmor
2025-09-02,Farfetchd
2025-09-03,Prinplup
2025-09-04,Larvesta
2025-09-05,Beedrill
2025-09-06,Ho-Oh
2025-09-07,Noctowl
2025-09-08,Absol
2025-09-09,Tapu Lele
2025-09-10,Yamper
2025-09-11,Chesnaught
2025-09-12,Pikachu
2025-09-13,Volcarona
2025-09-14,Krabby
2025-09-15,Pinsir
2025-09-16,Terrakion
2025-09-17,Tyrunt
2025-09-18,Braviary
2025-09-19,Pignite
2025-09-20,Minun
2025-09-21,Dreepy
2025-09-22,Chansey
2025-09-23,Lilligant
2025-09-24,Zoroark
2025-09-25,Claydol
2025-09-26,Aron
2025-09-27,Krookodile
2025-09-28,Pidgeotto
2025-09-29,Banette
2025-09-30,Petilil
2025-10-01,Gyarados
2025-10-02,Electivire
2025-10-03,Claydol
2025-10-04,Kakuna
2025-10-05,Wurmple
2025-10-06,Rhydon
2025-10-07,Munchlax
2025-10-08,Greninja
2025-10-09,Bibarel
2025-10-10,Spritzee
2025-10-11,Buneary
2025-10-12,Swadloon
2025-10-13,Kakuna
2025-10-14,Feraligatr
2025-10-15,Noivern
2025-10-16,Parasect
2025-10-17,Politoed
2025-10-18,Drifloon
2025-10-19,Lileep
2025-10-20,Mr. Rime
2025-10-21,Mienshao
2025-10-22,Hitmonlee
2025-10-23,Goomy
2025-10-24,Helioptile
2025-10-25,Roselia
2025-10-26,Basculin
2025-10-27,Claydol
2025-10-28,Metang
2025-10-29,Samurott
2025-10-30,Litten
2025-10-31,Medicham
2025-11-01,Ambipom
2025-11-02,Regigigas
2025-11-03,Calyrex
2025-11-04,Roselia
2025-11-05,Drifblim
2025-11-06,Escavalier
2025-11-07,Palpitoad
2025-11-08,Shellos
2025-11-09,Rillaboom
2025-11-10,Croconaw
2025-11-11,Stunky
2025-11-12,Charizard
2025-11-13,Espurr
2025-11-14,Lapras
2025-11-15,Conkeldurr
2025-11-16,Roserade
2025-11-17,Nidoqueen
2025-11-18,Altaria
2025-11-19,Anorith
2025-11-20,Reuniclus
2025-11-21,Drifblim
2025-11-22,Kakuna
2025-11-23,Fearow
2025-11-24,Pikipek
2025-11-25,Hoopa Unbound
2025-11-26,Weepinbell
2025-11-27,Galvantula
2025-11-28,Buneary
2025-11-29,Qwilfish
2025-11-30,Carbink
2025-12-01,Landorus Therian Forme
2025-12-02,Seaking
2025-12-03,Weavile
2025-12-04,Nidorino
2025-12-05,Dodrio
2025-12-06,Kirlia
2025-12-07,Swirlix
2025-12-08,Dhelmise
2025-12-09,Victreebel
2025-12-10,Victini
2025-12-11,Hakamo-o
2025-12-12,Sandygast
2025-12-13,Skarmory
2025-12-14,Porygon
2025-12-15,Lunatone
2025-12-16,Aromatisse
2025-12-17,Lycanroc Dusk Form
2025-12-18,Ledyba
2025-12-19,Tapu Lele
2025-12-20,Lycanroc Dusk Form
2025-12-21,Genesect
2025-12-22,Haxorus
2025-12-23,Bellsprout
2025-12-24,Cutiefly
2025-12-25,Houndoom
2025-12-26,Feebas
2025-12-27,Eiscue
2025-12-28,Spewpa
2025-12-29,Illumise
2025-12-30,Salandit
2025-12-31,Celesteela
2026-01-01,Purugly
2026-01-02,Eevee
2026-01-03,Staravia
2026-01-04,Floatzel
2026-01-05,Hatterene
2026-01-06,Gourgeist
2026-01-07,Yamask
2026-01-08,Smoochum
2026-01-09,Gulpin
2026-01-10,Tirtouga
2026-01-11,Morgrem
2026-01-12,Popplio
2026-01-13,Golduck
2026-01-14,Excadrill
2026-01-15,Combee
2026-01-16,Urshifu Single Strike Style
2026-01-17,Machoke
2026-01-18,Honchkrow
2026-01-19,Duosion
2026-01-20,Calyrex
2026-01-21,Mudsdale
2026-01-22,Golduck
2026-01-23,Oricorio Pom-Pom Style
2026-01-24,Bergmite
2026-01-25,Exeggcute
2026-01-26,Hoppip
2026-01-27,Spinarak
2026-01-28,Volcanion
2026-01-29,Azumarill
2026-01-30,Calyrex Ice Rider
2026-01-31,Slurpuff
2026-02-01,Zacian Crowned Sword
2026-02-02,Rookidee
2026-02-03,Hippopotas
2026-02-04,Centiskorch
2026-02-05,Fomantis
2026-02-06,Coalossal
2026-02-07,Magcargo
2026-02-08,Kyogre
2026-02-09,Darkrai
2026-02-10,Glameow
2026-02-11,Minior Meteor Form
2026-02-12,Dubwool
2026-02-13,Typhlosion
2026-02-14,Toucannon
2026-02-15,Regigigas
2026-02-16,Toxapex
2026-02-17,Vikavolt
2026-02-18,Cinderace
2026-02-19,Bulbasaur
2026-02-20,Latios
2026-02-21,Treecko
2026-02-22,Servine
2026-02-23,Gloom
2026-02-24,Scrafty
2026-02-25,Weezing
2026-02-26,Krokorok
2026-02-27,Snubbull
2026-02-28,Eelektrik
2026-03-01,Poliwag
2026-03-02,Glaceon
2026-03-03,Tyranitar
2026-03-04,Archeops
2026-03-05,Wurmple
2026-03-06,Bunnelby
2026-03-07,Delibird
2026-03-08,Melmetal
2026-03-09,Swanna
2026-03-10,Shinx
2026-03-11,Yungoos
2026-03-12,Shiftry
2026-03-13,Palossand
2026-03-14,Mawile
2026-03-15,Quagsire
2026-03-16,Zekrom
2026-03-17,Chimecho
2026-03-18,Glaceon
2026-03-19,Quilladin
2026-03-20,Falinks
2026-03-21,Absol
2026-03-22,Fraxure
2026-03-23,Beedrill
2026-03-24,Minun
2026-03-25,Mudkip
2026-03-26,Marshtomp
2026-03-27,Cranidos
2026-03-28,Zeraora
2026-03-29,Hoothoot
2026-03-30,Archeops
2026-03-31,Lapras
2026-04-01,Ivysaur
2026-04-02,Slurpuff
2026-04-03,Pansage
2026-04-04,Torchic
2026-04-05,Mamoswine
2026-04-06,Zangoose
2026-04-07,Eternatus
2026-04-08,Nidoqueen
2026-04-09,Infernape
2026-04-10,Blipbug
2026-04-11,Mudkip
2026-04-12,Pineco
2026-04-13,Articuno
2026-04-14,Crawdaunt
2026-04-15,Infernape
2026-04-16,Azelf
2026-04-17,Octillery
2026-04-18,Metagross
2026-04-19,Kakuna
2026-04-20,Quilladin
2026-04-21,Rayquaza
2026-04-22,Meloetta Pirouette Forme
2026-04-23,Arrokuda
2026-04-24,Zacian Hero of Many Battles
2026-04-25,Kyogre
2026-04-26,Eelektrik
2026-04-27,Poliwhirl
2026-04-28,Monferno
2026-04-29,Seel
2026-04-30,Charjabug
2026-05-01,Tentacruel
2026-05-02,Seviper
2026-05-03,Sobble
2026-05-04,Trevenant
2026-05-05,Simisear
2026-05-06,Misdreavus
2026-05-07,Snubbull
2026-05-08,Pinsir
2026-05-09,Rockruff
2026-05-10,Oricorio Sensu Style
2026-05-11,Eternatus
2026-05-12,Tapu Lele
2026-05-13,Carkol
2026-05-14,Roggenrola
2026-05-15,Treecko
2026-05-16,Frillish
2026-05-17,Groudon
2026-05-18,Litten
2026-05-19,Staraptor
2026-05-20,Gothorita
2026-05-21,Yanmega
2026-05-22,Raikou
2026-05-23,Gothorita
2026-05-24,Morgrem
2026-05-25,Espeon
2026-05-26,Xurkitree
2026-05-27,Totodile
2026-05-28,Aegislash
2026-05-29,Venomoth
2026-05-30,Thievul
2026-05-31,Rhydon
2026-06-01,Clefable
2026-06-02,Rhyperior
2026-06-03,Magneton
2026-06-04,Maractus
2026-06-05,Shuckle
2026-06-06,Celebi
2026-06-07,Aerodactyl
2026-06-08,Drakloak
2026-06-09,Skiddo
2026-06-10,Heatran
2026-06-11,Kingdra
2026-06-12,Numel
2026-06-13,Plusle
2026-06-14,Pidgeot
2026-06-15,Mudkip
2026-06-16,Chandelure
2026-06-17,Zigzagoon
2026-06-18,Gastrodon
2026-06-19,Ho-Oh
2026-06-20,Floatzel
2026-06-21,Woobat
2026-06-22,Pumpkaboo
2026-06-23,Duskull
2026-06-24,Staraptor
2026-06-25,Magmortar
2026-06-26,Bulbasaur
2026-06-27,Vigoroth
2026-06-28,Zangoose
2026-06-29,Thievul
2026-06-30,Chingling
2026-07-01,Wurmple
2026-07-02,Clawitzer
2026-07-03,Shaymin Sky Forme
2026-07-04,Bibarel
2026-07-05,Tsareena
2026-07-06,Tapu Bulu
2026-07-07,Rookidee
2026-07-08,Pelipper
2026-07-09,Deino
2026-07-10,Rampardos
2026-07-11,Nincada
2026-07-12,Octillery
2026-07-13,Samurott
2026-07-14,Emboar
2026-07-15,Turtwig
2026-07-16,Reuniclus
2026-07-17,Magby
2026-07-18,Ludicolo
2026-07-19,Bayleef
2026-07-20,Monferno
2026-07-21,Teddiursa
2026-07-22,Solrock
2026-07-23,Surskit
2026-07-24,Urshifu Single Strike Style
2026-07-25,Boldore
2026-07-26,Whismur
2026-07-27,Foongus
2026-07-28,Shieldon
2026-07-29,Trubbish
2026-07-30,Tympole
2026-07-31,Rookidee
2026-08-01,Sandile
2026-08-02,Palpitoad
2026-08-03,Solgaleo
2026-08-04,Hydreigon
2026-08-05,Weavile
2026-08-06,Oshawott
2026-08-07,Gabite
2026-08-08,Rowlet
2026-08-09,Servine
2026-08-10,Toxtricity
2026-08-11,Lunatone
2026-08-12,Blacephalon
2026-08-13,Vibrava
2026-08-14,Blacephalon
2026-08-15,Frogadier
2026-08-16,Oricorio Pa'u Style
2026-08-17,Breloom
2026-08-18,Larvesta
2026-08-19,Rookidee
2026-08-20,Amoonguss
2026-08-21,Jangmo-o
2026-08-22,Zacian Crowned Sword
2026-08-23,Shieldon
2026-08-24,Vaporeon
2026-08-25,Boltund
2026-08-26,Calyrex Shadow Rider
2026-08-27,Klinklang
2026-08-28,Golbat
2026-08-29,Rockruff
2026-08-30,Skarmory
2026-08-31,Minior Core Form
2026-09-01,Dubwool
2026-09-02,Gastly
2026-09-03,Pumpkaboo
2026-09-04,Heatmor
2026-09-05,Octillery
2026-09-06,Maractus
2026-09-07,Gogoat
2026-09-08,Gurdurr
2026-09-09,Orbeetle
2026-09-10,Mudbray
2026-09-11,Mothim
2026-09-12,Sunkern
2026-09-13,Rookidee
2026-09-14,Ralts
2026-09-15,Thundurus Therian Forme
2026-09-16,Buizel
2026-09-17,Bouffalant
2026-09-18,Zigzagoon
2026-09-19,Grapploct
2026-09-20,Sobble
2026-09-21,Hitmonlee
2026-09-22,Omastar
2026-09-23,Cresselia
2026-09-24,Raticate
2026-09-25,Swanna
2026-09-26,Virizion
2026-09-27,Fan Rotom
2026-09-28,Zoroark
2026-09-29,Bibarel
2026-09-30,Rhyperior
2026-10-01,Psyduck
2026-10-02,Shroomish
2026-10-03,Kyogre
2026-10-04,Geodude
2026-10-05,Chandelure
2026-10-06,Pachirisu
2026-10-07,Shiftry
2026-10-08,Noivern
2026-10-09,Wormadam Sandy Cloak
2026-10-10,Swellow
2026-10-11,Tauros
2026-10-12,Pidgey
2026-10-13,Mismagius
2026-10-14,Medicham
2026-10-15,Aron
2026-10-16,Sealeo
2026-10-17,Oricorio Baile Style
2026-10-18,Nuzleaf
2026-10-19,Persian
2026-10-20,Meowth
2026-10-21,Calyrex Ice Rider
2026-10-22,Wimpod
2026-10-23,Klang
2026-10-24,Quagsire
2026-10-25,Bronzong
2026-10-26,Latias
2026-10-27,Gallade
2026-10-28,Shieldon
2026-10-29,Tropius
2026-10-30,Drampa
2026-10-31,Stoutland
2026-11-01,Cofagrigus
2026-11-02,Garbodor
2026-11-03,Garchomp
2026-11-04,Girafarig
2026-11-05,Alomomola
2026-11-06,Armaldo
2026-11-07,Lileep
2026-11-08,Kirlia
2026-11-09,Zorua
2026-11-10,Magneton
2026-11-11,Walrein
2026-11-12,Ferrothorn
2026-11-13,Torracat
2026-11-14,Froakie
2026-11-15,Dedenne
2026-11-16,Shiinotic
2026-11-17,Entei
2026-11-18,Wailmer
2026-11-19,Sceptile
2026-11-20,Necrozma
2026-11-21,Avalugg
2026-11-22,Sealeo
2026-11-23,Lotad
2026-11-24,Goldeen
2026-11-25,Swanna
2026-11-26,Hypno
2026-11-27,Shuckle
2026-11-28,Darkrai
2026-11-29,Kyogre
2026-11-30,Simisage
2026-12-01,Sableye
2026-12-02,Araquanid
2026-12-03,Cosmog
2026-12-04,Swadloon
2026-12-05,Maractus
2026-12-06,Lycanroc Midnight Form
2026-12-07,Cubchoo
2026-12-08,Sealeo
2026-12-09,Pyroar
2026-12-10,Dratini
2026-12-11,Fan Rotom
2026-12-12,Kingler
2026-12-13,Tirtouga
2026-12-14,Ho-Oh
2026-12-15,Zebstrika
2026-12-16,Aggron
2026-12-17,Snubbull
2026-12-18,Applin
2026-12-19,Frosmoth
2026-12-20,Hippowdon
2026-12-21,Uxie
2026-12-22,Krookodile
2026-12-23,Wash Rotom
2026-12-24,Axew
2026-12-25,Yanmega
2026-12-26,Pumpkaboo
2026-12-27,Thundurus Incarnate Forme
2026-12-28,Musharna
2026-12-29,Spiritomb
2026-12-30,Keldeo
2026-12-31,Chatot
2027-01-01,Gulpin
2027-01-02,Hoopa Unbound
2027-01-03,Tropius
2027-01-04,Ampharos
2027-01-05,Tapu Bulu
2027-01-06,Abra
2027-01-07,Rolycoly
2027-01-08,Stunfisk
2027-01-09,Weavile
2027-01-10,Zweilous
2027-01-11,Decidueye
2027-01-12,Crustle
2027-01-13,Kubfu
2027-01-14,Staravia
2027-01-15,Porygon2
2027-01-16,Dunsparce
2027-01-17,Type: Null
2027-01-18,Crabominable
2027-01-19,Chewtle
2027-01-20,Simipour
2027-01-21,Glalie
2027-01-22,Chingling
2027-01-23,Krokorok
2027-01-24,Ninjask
2027-01-25,Xerneas
2027-01-26,Arbok
2027-01-27,Pupitar
2027-01-28,Sawk
2027-01-29,Exeggcute
2027-01-30,Toucannon
2027-01-31,Frogadier
2027-02-01,Slowbro
2027-02-02,Chesnaught
2027-02-03,Gliscor
2027-02-04,Magmar
2027-02-05,Monferno
2027-02-06,Wormadam Sandy Cloak
2027-02-07,Lileep
2027-02-08,Patrat
2027-02-09,Carnivine
2027-02-10,Glalie
2027-02-11,Trapinch
2027-02-12,Tapu Fini
2027-02-13,Slowbro
2027-02-14,Vileplume
2027-02-15,Druddigon
2027-02-16,Orbeetle
2027-02-17,Electrode
2027-02-18,Simisear
2027-02-19,Nidoqueen
2027-02-20,Krabby
2027-02-21,Malamar
2027-02-22,Frogadier
2027-02-23,Frosmoth
2027-02-24,Moltres
2027-02-25,Jirachi
2027-02-26,Grubbin
2027-02-27,Furfrou
2027-02-28,Hippopotas
2027-03-01,Spinarak
2027-03-02,Gorebyss
2027-03-03,Murkrow
2027-03-04,Mothim
2027-03-05,Gumshoos
2027-03-06,Giratina Origin Forme
2027-03-07,Lilligant
2027-03-08,Munna
2027-03-09,Zacian Crowned Sword
2027-03-10,Oricorio Pom-Pom Style
2027-03-11,Araquanid
2027-03-12,Hoopa Unbound
2027-03-13,Dusknoir
2027-03-14,Ho-Oh
2027-03-15,Vileplume
2027-03-16,Lotad
2027-03-17,Giratina Altered Forme
2027-03-18,Pyroar
2027-03-19,Combusken
2027-03-20,Eldegoss
2027-03-21,Eelektrik
2027-03-22,Chinchou
2027-03-23,Whimsicott
2027-03-24,Clobbopus
2027-03-25,Kecleon
2027-03-26,Nickit
2027-03-27,Castform Snowy Form
2027-03-28,Masquerain
2027-03-29,Aurorus
2027-03-30,Corsola
2027-03-31,Phanpy
2027-04-01,Zamazenta Crowned Shield
2027-04-02,Swinub
2027-04-03,Huntail
2027-04-04,Petilil
2027-04-05,Surskit
2027-04-06,Swinub
2027-04-07,Chesnaught
2027-04-08,Gulpin
2027-04-09,Rowlet
2027-04-10,Eiscue
2027-04-11,Dewott
2027-04-12,Manectric
2027-04-13,Mankey
2027-04-14,Totodile
2027-04-15,Tsareena
2027-04-16,Bisharp
2027-04-17,Ambipom
2027-04-18,Sunkern
2027-04-19,Braixen
2027-04-20,Shuckle
2027-04-21,Zangoose
2027-04-22,Hoppip
2027-04-23,Greedent
2027-04-24,Metagross
2027-04-25,Vespiquen
2027-04-26,Spoink
2027-04-27,Croconaw
2027-04-28,Goomy
2027-04-29,Herdier
2027-04-30,Chespin
2027-05-01,Gible
2027-05-02,Calyrex Shadow Rider
2027-05-03,Archen
2027-05-04,Venomoth
2027-05-05,Clawitzer
2027-05-06,Galvantula
2027-05-07,Bewear
2027-05-08,Cradily
2027-05-09,Rockruff
2027-05-10,Gothorita
2027-05-11,Diglett
2027-05-12,Sandaconda
2027-05-13,Hatenna
2027-05-14,Nuzleaf
2027-05-15,Forretress
2027-05-16,Igglybuff
2027-05-17,Ducklett
2027-05-18,Aipom
2027-05-19,Lanturn
2027-05-20,Swanna
2027-05-21,Salazzle
2027-05-22,Carkol
2027-05-23,Bouffalant
2027-05-24,Goldeen
2027-05-25,Xatu
2027-05-26,Vanillite
2027-05-27,Woobat
2027-05-28,Komala
2027-05-29,Joltik
2027-05-30,Toxapex
2027-05-31,Graveler
2027-06-01,Mienfoo
2027-06-02,Gastrodon
2027-06-03,Bellossom
2027-06-04,Jirachi
2027-06-05,Aron
2027-06-06,Rotom
2027-06-07,Sandygast
2027-06-08,Conkeldurr
2027-06-09,Kabuto
2027-06-10,Vanillish
2027-06-11,Scorbunny
2027-06-12,Solrock
2027-06-13,Phione
2027-06-14,Terrakion
2027-06-15,Centiskorch
2027-06-16,Yveltal
2027-06-17,Shellos
2027-06-18,Raichu
2027-06-19,Spinda
2027-06-20,Delibird
2027-06-21,Poipole
2027-06-22,Palossand
2027-06-23,Magikarp
2027-06-24,Crabrawler
2027-06-25,Weavile
2027-06-26,Pancham
2027-06-27,Zangoose
2027-06-28,Oricorio Pa'u Style
2027-06-29,Eelektrik
2027-06-30,Omanyte
2027-07-01,Gardevoir
2027-07-02,Blaziken
2027-07-03,Kyurem
2027-07-04,Flapple
2027-07-05,Nidorino
2027-07-06,Diancie
2027-07-07,Rillaboom
2027-07-08,Urshifu Single Strike Style
2027-07-09,Frogadier
2027-07-10,Monferno
2027-07-11,Mow Rotom
2027-07-12,Landorus Incarnate Forme
2027-07-13,Plusle
2027-07-14,Koffing
2027-07-15,Noivern
2027-07-16,Impidimp
2027-07-17,Lilligant
2027-07-18,Meloetta Aria Forme
2027-07-19,Ivysaur
2027-07-20,Omanyte
2027-07-21,Cosmog
2027-07-22,Togekiss
2027-07-23,Mudsdale
2027-07-24,Pichu
2027-07-25,Farfetchd
2027-07-26,Drapion
2027-07-27,Hakamo-o
2027-07-28,Reuniclus
2027-07-29,Aron
2027-07-30,Barboach
2027-07-31,Toxicroak
2027-08-01,Dawn Wings Necrozma
2027-08-02,Marshtomp
2027-08-03,Treecko
2027-08-04,Marshadow
2027-08-05,Corphish
2027-08-06,Weezing
2027-08-07,Mantyke
2027-08-08,Volcarona
2027-08-09,Vigoroth
2027-08-10,Cosmog
2027-08-11,Corphish
2027-08-12,Dhelmise
2027-08-13,Paras
2027-08-14,Gabite
2027-08-15,Gothorita
2027-08-16,Grimmsnarl
2027-08-17,Zoroark
2027-08-18,Bidoof
2027-08-19,Groudon
2027-08-20,Wailord
2027-08-21,Dubwool
2027-08-22,Lycanroc Midday Form
2027-08-23,Kadabra
2027-08-24,Swadloon
2027-08-25,Tirtouga
2027-08-26,Bidoof
2027-08-27,Chansey
2027-08-28,Magcargo
2027-08-29,Goldeen
2027-08-30,Goomy
2027-08-31,Spinarak
2027-09-01,Staryu
2027-09-02,Snorlax
2027-09-03,Froakie
2027-09-04,Typhlosion
2027-09-05,Aron
2027-09-06,Pidgeotto
2027-09-07,Vanillish
2027-09-08,Venonat
2027-09-09,Pyroar
2027-09-10,Kabuto
2027-09-11,Chimchar
2027-09-12,Swablu
2027-09-13,Charizard
2027-09-14,Ledian
2027-09-15,Darmanitan Standard Mode
2027-09-16,Loudred
2027-09-17,Vespiquen
2027-09-18,Orbeetle
2027-09-19,Weepinbell
2027-09-20,Hoopa Unbound
2027-09-21,Marill
2027-09-22,Nidorina
2027-09-23,Burmy
2027-09-24,Marshadow
2027-09-25,Hatterene
2027-09-26,Glameow
2027-09-27,Runerigus
2027-09-28,Arceus
2027-09-29,Dreepy
2027-09-30,Impidimp
2027-10-01,Ledian
2027-10-02,Salamence
2027-10-03,Tsareena
2027-10-04,Tapu Koko
2027-10-05,Nuzleaf
2027-10-06,Claydol
2027-10-07,Skrelp
2027-10-08,Cloyster
2027-10-09,Goodra
2027-10-10,Flareon
2027-10-11,Weezing
2027-10-12,Bonsly
2027-10-13,Thievul
2027-10-14,Guzzlord
2027-10-15,Swinub
2027-10-16,Seadra
2027-10-17,Necrozma
2027-10-18,Wynaut
2027-10-19,Quilava
2027-10-20,Mudbray
2027-10-21,Pumpkaboo
2027-10-22,Hatterene
2027-10-23,Munna
2027-10-24,Regice
2027-10-25,Ledyba
2027-10-26,Azurill
2027-10-27,Chatot
2027-10-28,Kricketot
2027-10-29,Nickit
2027-10-30,Cottonee
2027-10-31,Thwackey
2027-11-01,Hitmonchan
2027-11-02,Stonjourner
2027-11-03,Doublade
2027-11-04,Poipole
2027-11-05,Lillipup
2027-11-06,Espeon
2027-11-07,Popplio
2027-11-08,Nidoking
2027-11-09,Forretress
2027-11-10,Shiinotic
2027-11-11,Diglett
2027-11-12,Vigoroth
2027-11-13,Huntail
2027-11-14,Quilladin
2027-11-15,Shroomish
2027-11-16,Litleo
2027-11-17,Sceptile
2027-11-18,Ponyta
2027-11-19,Tapu Fini
2027-11-20,Duosion
2027-11-21,Plusle
2027-11-22,Venipede
2027-11-23,Guzzlord
2027-11-24,Torkoal
2027-11-25,Inkay
2027-11-26,Slugma
2027-11-27,Dawn Wings Necrozma
2027-11-28,Zebstrika
2027-11-29,Altaria
2027-11-30,Buneary
2027-12-01,Finneon
2027-12-02,Axew
2027-12-03,Bidoof
2027-12-04,Sylveon
2027-12-05,Poliwhirl
2027-12-06,Nidoqueen
2027-12-07,Sawsbuck
2027-12-08,Ledian
2027-12-09,Thwackey
2027-12-10,Tropius
2027-12-11,Blastoise
2027-12-12,Snom
2027-12-13,Xerneas
2027-12-14,Dewgong
2027-12-15,Wishiwashi Solo Form
2027-12-16,Onix
2027-12-17,Flapple
2027-12-18,Pelipper
2027-12-19,Litten
2027-12-20,Piloswine
2027-12-21,Whirlipede
2027-12-22,Drakloak
2027-12-23,Espurr
2027-12-24,Golbat
2027-12-25,Slugma
2027-12-26,Bouffalant
2027-12-27,Tyrunt
2027-12-28,Azelf
2027-12-29,Shiinotic
2027-12-30,Hariyama
2027-12-31,Palossand
2028-01-01,Thundurus Therian Forme
2028-01-02,Arbok
2028-01-03,Poliwrath
2028-01-04,Lopunny
2028-01-05,Starly
2028-01-06,Audino
2028-01-07,Dunsparce
2028-01-08,Manectric
2028-01-09,Petilil
2028-01-10,Axew
2028-01-11,Pidove
2028-01-12,Tropius
2028-01-13,Heracross
2028-01-14,Weepinbell
2028-01-15,Meltan
2028-01-16,Sceptile
2028-01-17,Celebi
2028-01-18,Charmander
2028-01-19,Trapinch
2028-01-20,White Kyurem
2028-01-21,Pansage
2028-01-22,Zacian Hero of Many Battles
2028-01-23,Buneary
2028-01-24,Glameow
2028-01-25,Kingdra
2028-01-26,Nidorino
2028-01-27,Thundurus Therian Forme
2028-01-28,Greninja
2028-01-29,Lairon
2028-01-30,Chimchar
2028-01-31,Gigalith
2028-02-01,Wailmer
2028-02-02,Terrakion
2028-02-03,Gothitelle
2028-02-04,Tornadus Incarnate Forme
2028-02-05,Duraludon
2028-02-06,Rookidee
2028-02-07,Ferroseed
2028-02-08,Krabby
2028-02-09,Celebi
2028-02-10,Smeargle
2028-02-11,Cutiefly
2028-02-12,Torchic
2028-02-13,Chimecho
2028-02-14,Prinplup
2028-02-15,Oranguru
2028-02-16,Nidoran♀
2028-02-17,Cacturne
2028-02-18,Gurdurr
2028-02-19,Talonflame
2028-02-20,Latias
2028-02-21,Luxray
2028-02-22,Swablu
2028-02-23,Lickilicky
2028-02-24,Slurpuff
2028-02-25,Drednaw
2028-02-26,Beldum
2028-02-27,Shaymin Sky Forme
2028-02-28,Darmanitan Zen Mode
2028-02-29,Vullaby
2028-03-01,Pignite
2028-03-02,Lucario
2028-03-03,Poliwag
2028-03-04,Beldum
2028-03-05,Solrock
2028-03-06,Swirlix
2028-03-07,Forretress
2028-03-08,Minior Meteor Form
2028-03-09,Duraludon
2028-03-10,Ninetales
2028-03-11,Watchog
2028-03-12,Houndour
2028-03-13,Ninjask
2028-03-14,Impidimp
2028-03-15,Whirlipede
2028-03-16,Lickilicky
2028-03-17,Kabuto
2028-03-18,Vibrava
2028-03-19,Bewear
2028-03-20,Slowking
2028-03-21,Swirlix
2028-03-22,Infernape
2028-03-23,Garchomp
2028-03-24,Galvantula
2028-03-25,Frogadier
2028-03-26,Togepi
2028-03-27,Decidueye
2028-03-28,Poipole
2028-03-29,Spinda
2028-03-30,Raboot
2028-03-31,Muk
2028-04-01,Frogadier
2028-04-02,Duraludon
2028-04-03,Litwick
2028-04-04,Gothorita
2028-04-05,Skarmory
2028-04-06,Nidoran♂
2028-04-07,Moltres
2028-04-08,Ultra Necrozma
2028-04-09,Victreebel
2028-04-10,Mareep
2028-04-11,Gligar
2028-04-12,Exeggcute
2028-04-13,Omanyte
2028-04-14,Delphox
2028-04-15,Litten
2028-04-16,Cosmog
2028-04-17,Lycanroc Midday Form
2028-04-18,Claydol
2028-04-19,Sharpedo
2028-04-20,Blastoise
2028-04-21,Starly
2028-04-22,Rhydon
2028-04-23,Toxel
2028-04-24,Sealeo
2028-04-25,Manaphy
2028-04-26,Guzzlord
2028-04-27,Chesnaught
2028-04-28,Darkrai
2028-04-29,Patrat
2028-04-30,Registeel
2028-05-01,Liepard
2028-05-02,Charmeleon
2028-05-03,Bruxish
2028-05-04,Indeedee
2028-05-05,Diancie
2028-05-06,Scolipede
2028-05-07,Lycanroc Dusk Form
2028-05-08,Nihilego
2028-05-09,Sandygast
2028-05-10,Golurk
2028-05-11,Spritzee
2028-05-12,Hitmonchan
2028-05-13,Milcery
2028-05-14,Barbaracle
2028-05-15,Fletchling
2028-05-16,Omastar
2028-05-17,Mawile
2028-05-18,Bronzor
2028-05-19,Binacle
2028-05-20,Bruxish
2028-05-21,Latios
2028-05-22,Morelull
2028-05-23,Gulpin
2028-05-24,Fomantis
2028-05-25,Trubbish
2028-05-26,Ariados
2028-05-27,Bunnelby
2028-05-28,Hariyama
2028-05-29,Happiny
2028-05-30,Arrokuda
2028-05-31,Yanmega
2028-06-01,Aurorus
2028-06-02,Minccino
2028-06-03,Solgaleo
2028-06-04,Hippowdon
2028-06-05,Dewott
2028-06-06,Sealeo
2028-06-07,Runerigus
2028-06-08,Heatran
2028-06-09,Emboar
2028-06-10,Porygon2
2028-06-11,Togekiss
2028-06-12,Gengar
2028-06-13,Wormadam Trash Cloak
2028-06-14,Armaldo
2028-06-15,Sunflora
2028-06-16,Escavalier
2028-06-17,Remoraid
2028-06-18,Porygon2
2028-06-19,Minun
2028-06-20,Diglett
2028-06-21,Glameow
2028-06-22,Gengar
2028-06-23,Kecleon
2028-06-24,Sirfetchd
2028-06-25,Carnivine
2028-06-26,Silicobra
2028-06-27,Marshadow
2028-06-28,Hippowdon
2028-06-29,Gallade
2028-06-30,Copperajah
2028-07-01,Mimikyu
2028-07-02,Tyranitar
2028-07-03,Tentacruel
2028-07-04,Elgyem
2028-07-05,Shroomish
2028-07-06,Flygon
2028-07-07,Sandslash
2028-07-08,Drednaw
2028-07-09,Mareanie
2028-07-10,Jangmo-o
2028-07-11,Wishiwashi School Form
2028-07-12,Nidorina
2028-07-13,Riolu
2028-07-14,Corsola
2028-07-15,Cascoon
2028-07-16,Dartrix
2028-07-17,Butterfree
2028-07-18,Morpeko
2028-07-19,Woobat
2028-07-20,Kyogre
2028-07-21,Porygon2
2028-07-22,Paras
2028-07-23,Tranquill
2028-07-24,Primeape
2028-07-25,Absol
2028-07-26,Diggersby
2028-07-27,Quilladin
2028-07-28,Poliwhirl
2028-07-29,Gible
2028-07-30,Nidoking
2028-07-31,Dracovish
2028-08-01,Simisear
2028-08-02,Magneton
2028-08-03,Cranidos
2028-08-04,Tranquill
2028-08-05,Patrat
2028-08-06,Sawsbuck
2028-08-07,Zygarde 50% Forme
2028-08-08,Grapploct
2028-08-09,Mantine
2028-08-10,Swirlix
2028-08-11,Tapu Bulu
2028-08-12,Tirtouga
2028-08-13,Simipour
2028-08-14,Ekans
2028-08-15,Landorus Incarnate Forme
2028-08-16,Sigilyph
2028-08-17,Corviknight
2028-08-18,Phione
2028-08-19,Porygon2
2028-08-20,Drifloon
2028-08-21,Tyrantrum
2028-08-22,Kommo-o
2028-08-23,Staravia
2028-08-24,Zamazenta Crowned Shield
2028-08-25,Skuntank
2028-08-26,Dawn Wings Necrozma
2028-08-27,Articuno
2028-08-28,Komala
2028-08-29,Seel
2028-08-30,Torkoal
2028-08-31,Ursaring
2028-09-01,Eternatus
2028-09-02,Gengar
2028-09-03,Dunsparce
2028-09-04,Hatenna
2028-09-05,Arceus
2028-09-06,Togekiss
2028-09-07,Magmortar
2028-09-08,Numel
2028-09-09,Tympole
2028-09-10,Wartortle
2028-09-11,Mismagius
2028-09-12,Mr. Rime
2028-09-13,Drednaw
2028-09-14,Froslass
2028-09-15,Nidoqueen
2028-09-16,Rampardos
2028-09-17,Starmie
2028-09-18,Milotic
2028-09-19,Zamazenta Hero of Many Battles
2028-09-20,Voltorb
2028-09-21,Kricketot
2028-09-22,Tornadus Therian Forme
2028-09-23,Jynx
2028-09-24,Thievul
2028-09-25,Quilava
2028-09-26,Roggenrola
2028-09-27,Slugma
2028-09-28,Shiinotic
2028-09-29,Conkeldurr
2028-09-30,Ditto
2028-10-01,Rhyperior
2028-10-02,Bayleef
2028-10-03,Quilladin
2028-10-04,Drizzile
2028-10-05,Latias
2028-10-06,Cosmoem
2028-10-07,Wurmple
2028-10-08,Sharpedo
2028-10-09,Feebas
2028-10-10,Lunatone
2028-10-11,Oranguru
2028-10-12,Gengar
2028-10-13,Lotad
2028-10-14,Solgaleo
2028-10-15,Litwick
2028-10-16,Flabébé
2028-10-17,Electrode
2028-10-18,Qwilfish
2028-10-19,Surskit
2028-10-20,Registeel
2028-10-21,Heat Rotom
2028-10-22,Zigzagoon
2028-10-23,Corsola
2028-10-24,Mankey
2028-10-25,Cobalion
2028-10-26,Shuppet
2028-10-27,Morpeko
2028-10-28,Roserade
2028-10-29,Grumpig
2028-10-30,Boltund
2028-10-31,Beedrill
2028-11-01,Pancham
2028-11-02,Houndour
2028-11-03,Fomantis
2028-11-04,Cobalion
2028-11-05,Tornadus Therian Forme
2028-11-06,Lombre
2028-11-07,Grimmsnarl
2028-11-08,Steelix
2028-11-09,Manaphy
2028-11-10,Lilligant
2028-11-11,Mr. Rime
2028-11-12,Type: Null
2028-11-13,Articuno
2028-11-14,Maractus
2028-11-15,Xurkitree
2028-11-16,Cherubi
2028-11-17,Torterra
2028-11-18,Vibrava
2028-11-19,Oricorio Sensu Style
2028-11-20,Crabominable
2028-11-21,Charmeleon
2028-11-22,Roserade
2028-11-23,Metang
2028-11-24,Smeargle
2028-11-25,Oricorio Pom-Pom Style
2028-11-26,Carbink
2028-11-27,Absol
2028-11-28,Aggron
2028-11-29,Gogoat
2028-11-30,Cramorant
2028-12-01,Girafarig
2028-12-02,Mandibuzz
2028-12-03,Stantler
2028-12-04,Vileplume
2028-12-05,Rowlet
2028-12-06,Bellsprout
2028-12-07,Snorunt
2028-12-08,Lairon
2028-12-09,Dusclops
2028-12-10,Chatot
2028-12-11,Chansey
2028-12-12,Omastar
2028-12-13,Silcoon
2028-12-14,Luvdisc
2028-12-15,Sharpedo
2028-12-16,Tsareena
2028-12-17,Watchog
2028-12-18,Amoonguss
2028-12-19,Grapploct
2028-12-20,Ponyta
2028-12-21,Bellossom
2028-12-22,Blissey
2028-12-23,Lycanroc Midday Form
2028-12-24,Monferno
2028-12-25,Honchkrow
2028-12-26,Morelull
2028-12-27,Meloetta Pirouette Forme
2028-12-28,Magearna
2028-12-29,Fletchling
2028-12-30,Cosmog
2028-12-31,Zygarde 10% Forme
2029-01-01,Weezing
2029-01-02,Krookodile
2029-01-03,Ledian
2029-01-04,Breloom
2029-01-05,Stoutland
2029-01-06,Quilladin
2029-01-07,Sandslash
2029-01-08,Lopunny
2029-01-09,Sinistea
2029-01-10,Brionne
2029-01-11,Typhlosion
2029-01-12,Marshadow
2029-01-13,Pikipek
2029-01-14,Staryu
2029-01-15,Jangmo-o
2029-01-16,Stoutland
2029-01-17,Dewpider
2029-01-18,Noivern
2029-01-19,Wooper
2029-01-20,Shuckle
2029-01-21,Baltoy
2029-01-22,Gorebyss
2029-01-23,Riolu
2029-01-24,Eevee
2029-01-25,Uxie
2029-01-26,Elgyem
2029-01-27,Yanmega
2029-01-28,Karrablast
2029-01-29,Doduo
2029-01-30,Silcoon
2029-01-31,Crawdaunt
2029-02-01,Zangoose
2029-02-02,Monferno
2029-02-03,Thwackey
2029-02-04,Seel
2029-02-05,Dwebble
2029-02-06,Patrat
2029-02-07,Inkay
2029-02-08,Seedot
2029-02-09,Magearna
2029-02-10,Dartrix
2029-02-11,Starmie
2029-02-12,Uxie
2029-02-13,Genesect
2029-02-14,Druddigon
2029-02-15,Charjabug
2029-02-16,Wooloo
2029-02-17,Shellos
2029-02-18,Landorus Therian Forme
2029-02-19,Shinx
2029-02-20,Togekiss
2029-02-21,Lycanroc Dusk Form
2029-02-22,Spoink
2029-02-23,Bisharp
2029-02-24,Appletun
2029-02-25,Petilil
2029-02-26,Mr. Rime
2029-02-27,Sirfetchd
2029-02-28,Seadra
2029-03-01,Throh
2029-03-02,Kubfu
2029-03-03,Seviper
2029-03-04,Eelektrik
2029-03-05,Hariyama
2029-03-06,Samurott
2029-03-07,Swablu
2029-03-08,Blitzle
2029-03-09,Treecko
2029-03-10,Dottler
2029-03-11,Solgaleo
2029-03-12,Drowzee
2029-03-13,Throh
2029-03-14,Dodrio
2029-03-15,Corviknight
2029-03-16,Kangaskhan
2029-03-17,Breloom
2029-03-18,Salazzle
2029-03-19,Frosmoth
2029-03-20,Zebstrika
2029-03-21,Wartortle
2029-03-22,Metagross
2029-03-23,Beartic
2029-03-24,Luxray
2029-03-25,Graveler
2029-03-26,Panpour
2029-03-27,Muk
2029-03-28,Skorupi
2029-03-29,Primeape
2029-03-30,Tyrantrum
2029-03-31,Ambipom
2029-04-01,Zapdos
2029-04-02,Fletchling
2029-04-03,Electabuzz
2029-04-04,Lumineon
2029-04-05,Slurpuff
2029-04-06,Shelgon
2029-04-07,Tornadus Therian Forme
2029-04-08,Croconaw
2029-04-09,Drilbur
2029-04-10,Articuno
2029-04-11,Mow Rotom
2029-04-12,Samurott
2029-04-13,Mr. Mime
2029-04-14,Oricorio Pom-Pom Style
2029-04-15,Xurkitree
2029-04-16,Crawdaunt
2029-04-17,Shinx
2029-04-18,Seaking
2029-04-19,Skorupi
2029-04-20,Milcery
2029-04-21,Horsea
2029-04-22,Palossand
2029-04-23,Ivysaur
2029-04-24,Kadabra
2029-04-25,Metapod
2029-04-26,Manaphy
2029-04-27,Blipbug
2029-04-28,Volbeat
2029-04-29,Vespiquen
2029-04-30,Avalugg
2029-05-01,Sceptile
2029-05-02,Natu
2029-05-03,Beldum
2029-05-04,Beheeyem
2029-05-05,Simipour
2029-05-06,Lycanroc Midday Form
2029-05-07,Swanna
2029-05-08,Zweilous
2029-05-09,Tyrantrum
2029-05-10,Calyrex Ice Rider
2029-05-11,Pyroar
2029-05-12,Combee
2029-05-13,Golduck
2029-05-14,Hitmonchan
2029-05-15,Pyroar
2029-05-16,Taillow
2029-05-17,Cascoon
2029-05-18,Honedge
2029-05-19,Rhyperior
2029-05-20,Poliwag
2029-05-21,Galvantula
2029-05-22,Zeraora
2029-05-23,Binacle
2029-05-24,Eelektrik
2029-05-25,Barbaracle
2029-05-26,Registeel
2029-05-27,Dragonite
2029-05-28,Grotle
2029-05-29,Frosmoth
2029-05-30,Riolu
2029-05-31,Marshtomp
2029-06-01,Banette
2029-06-02,Ariados
2029-06-03,Watchog
2029-06-04,Avalugg
2029-06-05,Machop
2029-06-06,Venipede
2029-06-07,Reuniclus
2029-06-08,Timburr
2029-06-09,Onix
2029-06-10,Drednaw
2029-06-11,Amoonguss
2029-06-12,Celesteela
2029-06-13,Duosion
2029-06-14,Aurorus
2029-06-15,Alakazam
2029-06-16,Swinub
2029-06-17,Cherubi
2029-06-18,Oranguru
2029-06-19,Swirlix
2029-06-20,Dewott
2029-06-21,Dustox
2029-06-22,Koffing
2029-06-23,Shuppet
2029-06-24,Oricorio Pa'u Style
2029-06-25,Electabuzz
2029-06-26,Aurorus
2029-06-27,Walrein
2029-06-28,Noctowl
2029-06-29,Golem
2029-06-30,Kyogre
2029-07-01,Diglett
2029-07-02,Thundurus Therian Forme
2029-07-03,Kingler
2029-07-04,Drampa
2029-07-05,Dottler
2029-07-06,Pinsir
2029-07-07,Regice
2029-07-08,Zygarde 50% Forme
2029-07-09,Ultra Necrozma
2029-07-10,Girafarig
2029-07-11,Incineroar
2029-07-12,Bulbasaur
2029-07-13,Tsareena
2029-07-14,Alakazam
2029-07-15,Carkol
2029-07-16,Deino
2029-07-17,Meltan
2029-07-18,Grimer
2029-07-19,Totodile
2029-07-20,Blastoise
2029-07-21,Chimchar
2029-07-22,Blissey
2029-07-23,Hippopotas
2029-07-24,Calyrex
2029-07-25,Kyogre
2029-07-26,Kabutops
2029-07-27,Mienfoo
2029-07-28,Helioptile
2029-07-29,Ekans
2029-07-30,Feraligatr
2029-07-31,Cradily
2029-08-01,Azurill
2029-08-02,Frost Rotom
2029-08-03,Mr. Rime
2029-08-04,Ninjask
2029-08-05,Remoraid
2029-08-06,Charizard
2029-08-07,Steenee
2029-08-08,Aerodactyl
2029-08-09,Roggenrola
2029-08-10,Deino
2029-08-11,Zarude
2029-08-12,Eiscue
2029-08-13,Kyogre
2029-08-14,Scrafty
2029-08-15,Spearow
2029-08-16,Blitzle
2029-08-17,Glastrier
2029-08-18,Magnezone
2029-08-19,Wobbuffet
2029-08-20,Zorua
2029-08-21,Snover
2029-08-22,Pancham
2029-08-23,Deerling
2029-08-24,Morpeko
2029-08-25,Lanturn
2029-08-26,Dwebble
2029-08-27,Dewgong
2029-08-28,Bulbasaur
2029-08-29,Hakamo-o
2029-08-30,Cosmog
2029-08-31,Lapras
2029-09-01,Zweilous
2029-09-02,Zekrom
2029-09-03,Slowbro
2029-09-04,Dracozolt
2029-09-05,Togetic
2029-09-06,Wimpod
2029-09-07,Bruxish
2029-09-08,Buneary
2029-09-09,Cobalion
2029-09-10,Spearow
2029-09-11,Nidorina
2029-09-12,Hawlucha
2029-09-13,Exeggutor
2029-09-14,Toucannon
2029-09-15,Castform Rainy Form
2029-09-16,Thundurus Incarnate Forme
2029-09-17,Skarmory
2029-09-18,Skiddo
2029-09-19,Shellos
2029-09-20,Nidorina
2029-09-21,Raikou
2029-09-22,Snom
2029-09-23,Aggron
2029-09-24,Grotle
2029-09-25,Ho-Oh
2029-09-26,Wailmer
2029-09-27,Chinchou
2029-09-28,Empoleon
2029-09-29,Gourgeist
2029-09-30,Tyrunt
2029-10-01,Porygon
2029-10-02,Empoleon
2029-10-03,Skitty
2029-10-04,Spinda
2029-10-05,Trapinch
2029-10-06,Delphox
2029-10-07,Jynx
2029-10-08,Ditto
2029-10-09,Binacle
2029-10-10,Zamazenta Hero of Many Battles
2029-10-11,Slowpoke
2029-10-12,Mewtwo
2029-10-13,Krookodile
2029-10-14,Lickilicky
2029-10-15,Leafeon
2029-10-16,Ledian
2029-10-17,Unfezant
2029-10-18,Bellsprout
2029-10-19,Mandibuzz
2029-10-20,Golduck
2029-10-21,Moltres
2029-10-22,Deerling
2029-10-23,Grimer
2029-10-24,Appletun
2029-10-25,Tornadus Incarnate Forme
2029-10-26,Oricorio Pom-Pom Style
2029-10-27,Lairon
2029-10-28,Blacephalon
2029-10-29,Torterra
2029-10-30,Mew
2029-10-31,Giratina Origin Forme
2029-11-01,Smoochum
2029-11-02,Togetic
2029-11-03,Kommo-o
2029-11-04,Zoroark
2029-11-05,Zacian Crowned Sword
2029-11-06,Seadra
2029-11-07,Scrafty
2029-11-08,Sobble
2029-11-09,Poliwrath
2029-11-10,Azurill
2029-11-11,Lairon
2029-11-12,Amaura
2029-11-13,Electivire
2029-11-14,Teddiursa
2029-11-15,Woobat
2029-11-16,Gogoat
2029-11-17,Maractus
2029-11-18,Litten
2029-11-19,Absol
2029-11-20,Sableye
2029-11-21,Cofagrigus
2029-11-22,Electrike
2029-11-23,Togepi
2029-11-24,Volcanion
2029-11-25,Phanpy
2029-11-26,Vibrava
2029-11-27,Oricorio Pa'u Style
2029-11-28,Ferrothorn
2029-11-29,Diggersby
2029-11-30,Jellicent
2029-12-01,Calyrex Shadow Rider
2029-12-02,Toxapex
2029-12-03,Umbreon
2029-12-04,Turtwig
2029-12-05,Gastrodon
2029-12-06,Lycanroc Midday Form
2029-12-07,Palkia
2029-12-08,Sealeo
2029-12-09,Scolipede
2029-12-10,Goodra
2029-12-11,Vanillite
2029-12-12,Blacephalon
2029-12-13,Panpour
2029-12-14,Urshifu Rapid Strike Style
2029-12-15,Nidorina
2029-12-16,Morelull
2029-12-17,Entei
2029-12-18,Vivillon
2029-12-19,Tauros
2029-12-20,Voltorb
2029-12-21,Pidgeot
2029-12-22,Wingull
2029-12-23,Obstagoon
2029-12-24,Magikarp
2029-12-25,Feebas
2029-12-26,Swellow
2029-12-27,Coalossal
2029-12-28,Corviknight
2029-12-29,Eternatus
2029-12-30,Azumarill
2029-12-31,Snivy
2030-01-01,Ursaring
2030-01-02,Scrafty
2030-01-03,Elekid
2030-01-04,Emolga
2030-01-05,Oricorio Pom-Pom Style
2030-01-06,Arctovish
2030-01-07,Grumpig
2030-01-08,Latios
2030-01-09,Lapras
2030-01-10,Yamper
2030-01-11,Magcargo
2030-01-12,Persian
2030-01-13,Victini
2030-01-14,Elekid
2030-01-15,Kirlia
2030-01-16,Sinistea
2030-01-17,Ekans
2030-01-18,Heatmor
2030-01-19,Vigoroth
2030-01-20,Magmar
2030-01-21,Clobbopus
2030-01-22,Wormadam Sandy Cloak
2030-01-23,Luvdisc
2030-01-24,Chinchou
2030-01-25,Drednaw
2030-01-26,Abomasnow
2030-01-27,Purugly
2030-01-28,Torterra
2030-01-29,Abomasnow
2030-01-30,Lycanroc Dusk Form
2030-01-31,Anorith
2030-02-01,Dracozolt
2030-02-02,Carbink
2030-02-03,Snover
2030-02-04,Gardevoir
2030-02-05,Venusaur
2030-02-06,Flareon
2030-02-07,Ledian
2030-02-08,Scatterbug
2030-02-09,Pancham
2030-02-10,Crustle
2030-02-11,Bergmite
2030-02-12,Empoleon
2030-02-13,Whimsicott
2030-02-14,Sirfetchd
2030-02-15,Pidove
2030-02-16,Octillery
2030-02-17,Vaporeon
2030-02-18,Darkrai
2030-02-19,Larvitar
2030-02-20,Electrode
2030-02-21,Dottler
2030-02-22,Gloom
2030-02-23,Mantine
2030-02-24,Drizzile
2030-02-25,Purugly
2030-02-26,Corviknight
2030-02-27,Ultra Necrozma
2030-02-28,Carracosta
2030-03-01,Shroomish
2030-03-02,Cottonee
2030-03-03,Dartrix
2030-03-04,Sinistea
2030-03-05,Vanilluxe
2030-03-06,Lapras
2030-03-07,Stunky
2030-03-08,Spheal
2030-03-09,Blacephalon
2030-03-10,Ekans
2030-03-11,Swellow
2030-03-12,Drilbur
2030-03-13,Dhelmise
2030-03-14,Mudbray
2030-03-15,Turtonator
2030-03-16,Pincurchin
2030-03-17,Bulbasaur
2030-03-18,Croconaw
2030-03-19,Exploud
2030-03-20,Darumaka
2030-03-21,Pikipek
2030-03-22,Manectric
2030-03-23,Haxorus
2030-03-24,Electivire
2030-03-25,Carvanha
2030-03-26,Scizor
2030-03-27,Spectrier
2030-03-28,Diggersby
2030-03-29,Durant
